{
    "Meta": {
        "1.Train": "data/ml-100k/u2.base",
        "2.Test": "data/ml-100k/u2.test",
        "3.Measurements": 3
    },
    "B.1": {
        "1.GlobalAvg": 3.5264625,
        "2.User1Avg": 3.63302752293578,
        "3.Item1Avg": 3.888268156424581,
        "4.Item1AvgDev": 0.3027072341444875,
        "5.PredUser1Item1": 4.046819980619529
    },
    "B.2": {
        "1.GlobalAvgMAE": 0.9489109899999697,
        "2.UserAvgMAE": 0.8383401457987351,
        "3.ItemAvgMAE": 0.8206951490543668,
        "4.BaselineMAE": 0.7604467914538644
    },
    "B.3": {
        "1.GlobalAvg": {
            "average (ms)": 10.812614333333334,
            "stddev (ms)": 1.7850274668557775
        },
        "2.UserAvg": {
            "average (ms)": 89.55100566666665,
            "stddev (ms)": 30.991252270207106
        },
        "3.ItemAvg": {
            "average (ms)": 45.211835666666666,
            "stddev (ms)": 4.985764081705789
        },
        "4.Baseline": {
            "average (ms)": 9697.022987666669,
            "stddev (ms)": 103.2486563736827
        }
    }
}