{
    "Meta": {
        "1.Train": "data/ml-100k/u2.base",
        "2.Test": "data/ml-100k/u2.test",
        "3.Measurements": 3
    },
    "B.1": {
        "1.GlobalAvg": 3.5264625,
        "2.User1Avg": 3.63302752293578,
        "3.Item1Avg": 3.888268156424581,
        "4.Item1AvgDev": 0.3027072341444875,
        "5.PredUser1Item1": 4.046819980619529
    },
    "B.2": {
        "1.GlobalAvgMAE": 0.9489109899999697,
        "2.UserAvgMAE": 0.8383401457987351,
        "3.ItemAvgMAE": 0.8206951490543668,
        "4.BaselineMAE": 0.7604467914538644
    },
    "B.3": {
        "1.GlobalAvg": {
            "average (ms)": 7.148261000000001,
            "stddev (ms)": 1.8029179721009676
        },
        "2.UserAvg": {
            "average (ms)": 48.337855,
            "stddev (ms)": 17.490305021218354
        },
        "3.ItemAvg": {
            "average (ms)": 22.308921666666663,
            "stddev (ms)": 2.9918102912603866
        },
        "4.Baseline": {
            "average (ms)": 34.28482366666667,
            "stddev (ms)": 4.38549594283895
        }
    }
}