{
    "Meta": {
        "1.Train": "data/ml-100k/u2.base",
        "2.Test": "data/ml-100k/u2.test",
        "3.Measurements": 3
    },
    "B.1": {
        "1.GlobalAvg": 3.5264625,
        "2.User1Avg": 3.63302752293578,
        "3.Item1Avg": 3.888268156424581,
        "4.Item1AvgDev": 0.3027072341444875,
        "5.PredUser1Item1": 4.046819980619529
    },
    "B.2": {
        "1.GlobalAvgMAE": 0.9489109899999697,
        "2.UserAvgMAE": 0.8383401457987351,
        "3.ItemAvgMAE": 0.8206951490543668,
        "4.BaselineMAE": 0.7604467914538644
    },
    "B.3": {
        "1.GlobalAvg": {
            "average (ms)": 10.681173,
            "stddev (ms)": 1.573170200033254
        },
        "2.UserAvg": {
            "average (ms)": 41.594964,
            "stddev (ms)": 13.812445707051618
        },
        "3.ItemAvg": {
            "average (ms)": 20.791221333333333,
            "stddev (ms)": 7.891118163459993
        },
        "4.Baseline": {
            "average (ms)": 35.852246666666666,
            "stddev (ms)": 6.9671115887949
        }
    }
}