{
    "Meta": {
        "1.Train": "data/ml-25m/r2.train",
        "2.Test": "data/ml-25m/r2.test",
        "3.Master": "local[4]",
        "4.Measurements": 3
    },
    "D.1": {
        "1.GlobalAvg": 3.5431953608576285,
        "2.User1Avg": 3.8214285714285716,
        "3.Item1Avg": 3.9003661486825187,
        "4.Item1AvgDev": 0.2847583380596786,
        "5.PredUser1Item1": 4.157036612713193,
        "6.Mae": 0.7409988245685122
    },
    "D.2": {
        "1.DistributedBaseline": {
            "average (ms)": 66147.465681,
            "stddev (ms)": 1682.7788166712476
        }
    }
}