{
    "Meta": {
        "1.Train": "data/ml-100k/u2.base",
        "2.Test": "data/ml-100k/u2.test",
        "3.Measurements": 3
    },
    "N.1": {
        "1.k10u1v1": 0,
        "2.k10u1v864": 0.2423230495212963,
        "3.k10u1v886": 0,
        "4.PredUser1Item1": 4.3190935037638525
    },
    "N.2": {
        "1.kNN-Mae": [
            [
                10,
                0.8287277961963556
            ],
            [
                30,
                0.781015929702255
            ],
            [
                50,
                0.7618177645096202
            ],
            [
                100,
                0.7466933141115234
            ],
            [
                200,
                0.7400576932631325
            ],
            [
                300,
                0.7391562504199767
            ],
            [
                400,
                0.7391278977539374
            ],
            [
                800,
                0.7392363436909706
            ],
            [
                943,
                0.7372314455896454
            ]
        ]
    },
    "N.3": {
        "1.kNN": {
            "average (ms)": 26198.54240266667,
            "stddev (ms)": 898.9065253588178
        }
    }
}