{
    "Meta": {
        "1.Train": "data/ml-100k/u2.base",
        "2.Test": "data/ml-100k/u2.test",
        "3.Measurements": 3
    },
    "N.1": {
        "1.k10u1v1": 0,
        "2.k10u1v864": 0.24232304952129613,
        "3.k10u1v886": 0,
        "4.PredUser1Item1": 0.8287277961963556
    },
    "N.2": {
        "1.kNN-Mae": [
            [
                10,
                0.8287277961963556
            ],
            [
                30,
                0.781015929702255
            ],
            [
                50,
                0.76181776450962
            ],
            [
                100,
                0.7466933141115234
            ],
            [
                200,
                0.7400576932631325
            ],
            [
                300,
                0.7391562504199767
            ],
            [
                400,
                0.7391278977539373
            ],
            [
                800,
                0.7392363436909705
            ],
            [
                943,
                0.7372314455896454
            ]
        ]
    },
    "N.3": {
        "1.kNN": {
            "average (ms)": 27204.511129666662,
            "stddev (ms)": 1955.827420861521
        }
    }
}