{
    "Meta": {
        "1.Train": "data/ml-100k/u2.base",
        "2.Test": "data/ml-100k/u2.test",
        "3.Measurements": 0
    },
    "P.1": {
        "1.PredUser1Item1": 3.9845908467784454,
        "2.OnesMAE": 0.9004562877708091
    },
    "P.2": {
        "1.AdjustedCosineUser1User2": 0.0019030511691301637,
        "2.PredUser1Item1": 3.990084809709984,
        "3.AdjustedCosineMAE": 1.621746084090264
    },
    "P.3": {
        "1.JaccardUser1User2": 0,
        "2.PredUser1Item1": 0,
        "3.JaccardPersonalizedMAE": 0
    }
}