{
    "Meta": {
        "1.Train": "data/ml-100k/u2.base",
        "2.Test": "data/ml-100k/u2.test",
        "3.Measurements": 0
    },
    "P.1": {
        "1.PredUser1Item1": 4.046819980619528,
        "2.OnesMAE": 0.7604467914538642
    },
    "P.2": {
        "1.AdjustedCosineUser1User2": 0.0019030511691301637,
        "2.PredUser1Item1": 4.041114851293827,
        "3.AdjustedCosineMAE": 0.74019876100373
    },
    "P.3": {
        "1.JaccardUser1User2": 0,
        "2.PredUser1Item1": 3.63302752293578,
        "3.JaccardPersonalizedMAE": 0.8383401457987351
    }
}